Stress Level,0,25,50,75,95
Cars Only,1.53E-12,1.43E-13,0.007,2.17E-03,0.029724961
Cars + Collision,1.36E-02,0.013568011,0.013568011,0.159231258,0.313163764
Cars + People,6.32E-05,1.43E-13,1.43E-13,5.22E-04,0.067444136
Test_CarsPeopleCollision,4.30E-01,4.21E-01,3.14E-01,2.75E-01,1.9794
People Only,5.62E-13,5.71E-14,5.71E-14,5.71E-14,5.71E-14
Test_PeopleCollision_L4,5.58E-13,6.07E-14,6.07E-14,6.07E-14,6.07E-14
Test_PeopleCollision_L20,5.62E-13,6.07E-14,6.07E-14,6.07E-14,6.07E-14
Test_PeopleCollision_L200,5.65E-13,6.07E-14,6.07E-14,6.07E-14,6.07E-14
